,skewness,kurtosis
Customer ID,-0.0025995115415204965,-1.1950629570766396
Product Price,0.0011635058483736365,-1.1977298915841357
Quantity,-0.005935270784344358,-1.300835683059871
Total Purchase Amount,-0.00210492340006921,-1.194025552232617
Customer Age,0.01716010936066823,-1.2101460446975236
Returns,-0.003296873194378207,-2.0000088723948353
Age,0.01716010936066823,-1.2101460446975236
Churn,1.4959524040769931,0.23787549820372256
