Feature,MI_Score
Customer ID,0.394484940715655
Returns,0.00281321234730747
Product Price,0.0023487436833846687
Customer Age,0.0023447179477713576
Quantity,0.0
Total Purchase Amount,0.0
Age,0.0
