Feature,MI_Score
Customer ID,0.39524069063133105
Product Price,0.003364860442331974
Returns,0.0023038733111944154
Total Purchase Amount,0.001171107685820516
Age,0.0007686416979844068
Quantity,0.0
Customer Age,0.0
