Feature,MI_Score
Customer ID,0.39469000750541205
Product Price,0.002245679567266734
Total Purchase Amount,0.0006118825629357616
Customer Age,0.0003518130374047246
Quantity,0.0002969149408071914
Returns,0.0
Age,0.0
