Gender,Churn_Rate,Count
Female,0.2016263955471188,124324
Male,0.19942550685890703,125676
