Feature,MI_Score
Customer ID,0.3942386399336577
Quantity,0.00282601464924781
Total Purchase Amount,0.0023331551918168714
Customer Age,0.0010458940134299155
Age,0.0008025973703862377
Product Price,0.0
Returns,0.0
