Feature,MI_Score
Customer ID,0.39542318727540327
Age,0.004009233214768315
Quantity,0.0032617044938669792
Total Purchase Amount,0.002748086302927888
Returns,0.002634222282951626
Customer Age,0.0022373888472753123
Product Price,0.002176207760186344
