Feature,MI_Score
Customer ID,0.3950240926977795
Age,0.0025927840290727033
Quantity,0.00101295171360416
Returns,0.0005901290572127849
Total Purchase Amount,0.0004966590308974617
Product Price,0.00013946423731958646
Customer Age,0.0
