Payment Method,Churn_Rate,Count
Cash,0.2025249361538091,83012
PayPal,0.20243045984587912,83441
Credit Card,0.19661986666187894,83547
