Product Category,Churn_Rate,Count
Clothing,0.20122720953644077,62581
Books,0.2007968255498257,62247
Electronics,0.20043110330512534,62630
Home,0.19962585142784048,62542
